{"Pediction Accuracy": 61.6, "_timestamp": 1673610011.8101633, "_runtime": 41.138644218444824, "_step": 0, "_wandb": {"runtime": 40}}