{"Training loss": 0.5027970347612624, "Train Epoch Count": 5, "_timestamp": 1673608777.6061482, "_runtime": 501.0715341567993, "_step": 5, "CheckpointID": "2023-01-13_12:19:37.605720_checkpoint.pth", "_wandb": {"runtime": 500}}