{"Training loss": 0.5864844300917217, "Train Epoch Count": 5, "_timestamp": 1673609796.321679, "_runtime": 441.88321709632874, "_step": 5, "CheckpointID": "2023-01-13_12:36:36_321535_checkpoint.pth", "_wandb": {"runtime": 441}}