{"Training loss": 0.17783846613019705, "_timestamp": 1673608178.0452888, "_runtime": 291.82353472709656, "_step": 5, "Train Epoch Count": 6, "_wandb": {"runtime": 317}}